product_id,manufacturer,sku,name,price,stock,category_id
1,Handsgrope,413292747-4,Handsgrope-413292747-4,$826.29,836,3
2,Phunter,179661865-9,Phunter-179661865-9,$491.55,214,4
3,Phunter,248863852-8,Phunter-248863852-8,$368.35,941,2
4,Smelta,607100999-5,Smelta-607100999-5,$968.53,326,3
5,Foen,119974656-8,Foen-119974656-8,$825.60,387,3
6,Foen,879017535-2,Foen-879017535-2,$756.64,672,0
7,Phunter,624517145-8,Phunter-624517145-8,$942.79,,
8,Smelta,118541171-2,Smelta-118541171-2,$332.51,165,3
9,Handsgrope,440859341-9,Handsgrope-440859341-9,$259.17,25,3
10,Foen,747903781-3,Foen-747903781-3,$738.82,838,0
11,Handsgrope,595378576-3,Handsgrope-595378576-3,$130.02,730,5
12,Hohler,343680990-X,Hohler-343680990-X,$919.84,453,3
13,Hohler,988829397-4,Hohler-988829397-4,$757.33,905,1
14,Phunter,129246096-2,Phunter-129246096-2,$148.08,218,3
15,Kuravent,721957555-6,Kuravent-721957555-6,$940.77,3,4
16,Phunter,445955281-7,Phunter-445955281-7,$851.26,561,4
17,Phunter,974456530-6,Phunter-974456530-6,$746.25,79,0
18,Foen,430442021-6,Foen-430442021-6,$111.58,706,3
19,Foen,183078976-7,Foen-183078976-7,$948.91,431,1
20,Hohler,011242197-0,Hohler-011242197-0,$431.54,994,1
21,Foen,984708995-7,Foen-984708995-7,$782.25,835,1
22,Foen,528357635-3,Foen-528357635-3,$596.10,593,2
23,BE,296601016-9,BE-296601016-9,$365.81,273,1
24,Foen,851393028-8,Foen-851393028-8,$233.79,986,1
25,Phunter,223722519-2,Phunter-223722519-2,$907.60,32,5
26,Foen,446383975-0,Foen-446383975-0,$129.87,995,2
27,Foen,567355228-9,Foen-567355228-9,$165.22,977,1
28,Kuravent,635844983-4,Kuravent-635844983-4,$347.51,633,1
29,Smelta,134327095-2,Smelta-134327095-2,$124.40,267,1
30,Handsgrope,151706844-4,Handsgrope-151706844-4,$154.61,979,4
31,Foen,129295956-8,Foen-129295956-8,$826.20,603,2
32,Phunter,341109179-7,Phunter-341109179-7,$385.58,737,2
33,Foen,579080919-7,Foen-579080919-7,$369.26,838,4
34,Foen,411560942-7,Foen-411560942-7,$324.54,447,1
35,Smelta,389414861-6,Smelta-389414861-6,$471.71,445,0
36,Phunter,835061766-7,Phunter-835061766-7,$774.43,846,3
37,Smelta,189237146-4,Smelta-189237146-4,$569.70,800,3
38,Foen,712534271-X,Foen-712534271-X,$447.91,822,3
39,Foen,357684935-1,Foen-357684935-1,$968.57,331,1
40,BE,221155037-1,BE-221155037-1,$467.56,85,4
41,Kuravent,997663463-3,Kuravent-997663463-3,$694.32,793,2
42,Handsgrope,478092940-7,Handsgrope-478092940-7,$421.06,298,3
43,Phunter,870320964-4,Phunter-870320964-4,$989.83,634,1
44,Hohler,159731086-7,Hohler-159731086-7,$855.49,979,5
45,Smelta,782446147-5,Smelta-782446147-5,$111.51,549,1
46,Smelta,583592681-2,Smelta-583592681-2,$902.46,918,1
47,Kuravent,371890656-2,Kuravent-371890656-2,$65.03,,
48,Phunter,500659133-1,Phunter-500659133-1,$638.87,297,0
49,Foen,579841013-7,Foen-579841013-7,$506.46,220,4
50,Phunter,842628245-8,Phunter-842628245-8,$205.47,144,3
51,Smelta,248762811-1,Smelta-248762811-1,$613.52,598,3
52,Smelta,242341266-5,Smelta-242341266-5,$151.95,977,3
53,Smelta,635327916-7,Smelta-635327916-7,$261.41,893,1
54,Smelta,468787872-5,Smelta-468787872-5,$717.60,778,1
55,Kuravent,088622035-1,Kuravent-088622035-1,$529.60,600,1
56,Kuravent,896904363-2,Kuravent-896904363-2,$560.45,35,3
57,BE,463778844-7,BE-463778844-7,$308.87,56,3
58,BE,631541680-2,BE-631541680-2,$406.47,3,3
59,Handsgrope,390915242-2,Handsgrope-390915242-2,$975.88,359,4
60,Handsgrope,547064209-7,Handsgrope-547064209-7,$180.49,443,1
61,BE,154405363-0,BE-154405363-0,$234.32,424,0
62,Hohler,261032456-1,Hohler-261032456-1,$55.23,864,0
63,Handsgrope,990960712-3,Handsgrope-990960712-3,$149.61,87,2
64,Handsgrope,809879405-9,Handsgrope-809879405-9,$316.62,688,2
65,Kuravent,043955125-0,Kuravent-043955125-0,$568.54,369,3
66,Hohler,329222453-5,Hohler-329222453-5,$404.47,60,5
67,Kuravent,206808268-3,Kuravent-206808268-3,$169.95,652,0
68,Kuravent,806861298-X,Kuravent-806861298-X,$324.10,187,4
69,BE,177605855-0,BE-177605855-0,$482.74,978,4
70,Kuravent,615045211-5,Kuravent-615045211-5,$87.39,912,3
71,Hohler,734318965-4,Hohler-734318965-4,$110.22,332,3
72,Smelta,316793227-9,Smelta-316793227-9,$830.30,933,3
73,BE,597672505-8,BE-597672505-8,$869.36,602,5
74,BE,222378686-3,BE-222378686-3,$420.59,923,4
75,Phunter,986211468-1,Phunter-986211468-1,$285.78,2,2
76,Handsgrope,289155654-2,Handsgrope-289155654-2,$898.05,887,5
77,Foen,036553451-X,Foen-036553451-X,$945.84,464,0
78,Foen,604922080-8,Foen-604922080-8,$744.85,44,5
79,Phunter,770368042-7,Phunter-770368042-7,$583.82,215,2
80,Hohler,813799013-5,Hohler-813799013-5,$632.67,840,5
81,Handsgrope,992326412-2,Handsgrope-992326412-2,$739.54,78,4
82,Foen,772277377-X,Foen-772277377-X,$157.60,617,1
83,Kuravent,492896676-7,Kuravent-492896676-7,$328.80,320,0
84,Smelta,160409363-3,Smelta-160409363-3,$552.74,604,0
85,Smelta,271630118-2,Smelta-271630118-2,$660.87,435,0
86,Hohler,966252551-3,Hohler-966252551-3,$508.91,611,5
87,Hohler,464117301-X,Hohler-464117301-X,$195.31,178,1
88,Smelta,543649430-7,Smelta-543649430-7,$259.51,963,4
89,Phunter,750332608-5,Phunter-750332608-5,$677.66,295,3
90,Handsgrope,198939760-3,Handsgrope-198939760-3,$340.66,583,5
91,BE,374835249-2,BE-374835249-2,$454.17,330,2
92,Smelta,366984588-7,Smelta-366984588-7,$318.67,787,1
93,BE,551906246-3,BE-551906246-3,$795.57,903,1
94,Foen,869251432-2,Foen-869251432-2,$497.63,410,4
95,Hohler,800726909-6,Hohler-800726909-6,$465.03,469,0
96,Foen,259291681-4,Foen-259291681-4,$799.26,202,4
97,Foen,383813810-4,Foen-383813810-4,$470.40,400,0
98,Phunter,967575584-9,Phunter-967575584-9,$726.05,356,5
99,BE,710512842-9,BE-710512842-9,$207.00,929,4
100,Phunter,922655178-2,Phunter-922655178-2,$289.03,186,0
101,Kuravent,495780592-X,Kuravent-495780592-X,$384.04,726,0
102,Kuravent,689058501-1,Kuravent-689058501-1,$641.48,834,3
103,BE,515304270-7,BE-515304270-7,$726.16,303,0
104,Kuravent,503965074-4,Kuravent-503965074-4,$823.46,731,2
105,Foen,433193731-3,Foen-433193731-3,$981.79,643,2
106,Phunter,457022913-1,Phunter-457022913-1,$863.95,347,5
107,Smelta,501610937-0,Smelta-501610937-0,$976.40,436,5
108,Hohler,172738789-9,Hohler-172738789-9,$706.59,106,0
109,Kuravent,064336746-2,Kuravent-064336746-2,$542.05,36,2
110,Foen,386569247-8,Foen-386569247-8,$198.19,584,2
111,Handsgrope,879395185-X,Handsgrope-879395185-X,$547.16,877,4
112,Phunter,194535775-4,Phunter-194535775-4,$50.73,857,4
113,Hohler,529161627-X,Hohler-529161627-X,$809.17,184,1
114,Phunter,194489075-0,Phunter-194489075-0,$880.30,11,2
115,BE,555112636-6,BE-555112636-6,$836.76,200,3
116,Kuravent,390678531-9,Kuravent-390678531-9,$226.07,857,0
117,Hohler,794968480-1,Hohler-794968480-1,$834.66,179,0
118,Phunter,973162984-X,Phunter-973162984-X,$247.15,477,5
119,Foen,073416516-1,Foen-073416516-1,$305.01,3,0
120,Hohler,606386625-6,Hohler-606386625-6,$441.12,99,2
121,Kuravent,679480109-4,Kuravent-679480109-4,$448.97,502,2
122,Smelta,769351055-9,Smelta-769351055-9,$421.29,18,3
123,Phunter,454684933-8,Phunter-454684933-8,$237.07,415,2
124,Handsgrope,654718935-X,Handsgrope-654718935-X,$407.41,955,4
125,Handsgrope,162676331-3,Handsgrope-162676331-3,$675.55,249,2
126,Handsgrope,928343263-0,Handsgrope-928343263-0,$943.78,975,2
127,Smelta,460416407-X,Smelta-460416407-X,$971.36,461,1
128,Hohler,189468244-0,Hohler-189468244-0,$794.21,931,4
129,Hohler,950869958-2,Hohler-950869958-2,$180.80,70,4
130,Phunter,701394398-3,Phunter-701394398-3,$259.22,37,5
131,Smelta,778336946-4,Smelta-778336946-4,$250.68,29,5
132,Phunter,008906114-4,Phunter-008906114-4,$500.86,677,1
133,Smelta,629214637-5,Smelta-629214637-5,$353.82,792,4
134,BE,745485422-2,BE-745485422-2,$155.30,369,3
135,Handsgrope,188141784-0,Handsgrope-188141784-0,$388.91,159,1
136,Foen,748474193-0,Foen-748474193-0,$297.26,559,0
137,Hohler,166685466-2,Hohler-166685466-2,$357.23,321,3
138,Handsgrope,692135884-4,Handsgrope-692135884-4,$718.38,453,0
139,Handsgrope,529165018-4,Handsgrope-529165018-4,$74.18,720,1
140,Hohler,154118676-1,Hohler-154118676-1,$824.69,634,0
141,BE,243484211-9,BE-243484211-9,$692.86,367,4
142,BE,452933722-7,BE-452933722-7,$398.85,286,3
143,Foen,075621263-4,Foen-075621263-4,$317.53,74,4
144,Phunter,270938659-3,Phunter-270938659-3,$341.08,877,3
145,Foen,481030908-8,Foen-481030908-8,$191.38,777,3
146,Hohler,346411533-X,Hohler-346411533-X,$980.53,926,1
147,Smelta,432128245-4,Smelta-432128245-4,$674.61,935,5
148,Smelta,550196111-3,Smelta-550196111-3,$625.11,34,0
149,Handsgrope,392086174-4,Handsgrope-392086174-4,$608.29,401,4
150,Handsgrope,520140645-9,Handsgrope-520140645-9,$165.32,308,4
151,Hohler,079928157-3,Hohler-079928157-3,$507.07,599,0
152,Phunter,480016334-X,Phunter-480016334-X,$138.34,828,1
153,Handsgrope,370962829-6,Handsgrope-370962829-6,$157.05,404,4
154,Phunter,231225566-9,Phunter-231225566-9,$498.56,285,3
155,Kuravent,284301307-0,Kuravent-284301307-0,$289.50,448,4
156,BE,562750329-7,BE-562750329-7,$966.74,407,3
157,Phunter,855978879-4,Phunter-855978879-4,$628.23,677,5
158,Hohler,144749998-0,Hohler-144749998-0,$238.36,249,2
159,Phunter,826624066-3,Phunter-826624066-3,$376.26,100,1
160,Phunter,474205123-8,Phunter-474205123-8,$126.69,892,0
161,Smelta,496022933-0,Smelta-496022933-0,$329.07,215,0
162,Handsgrope,605961794-8,Handsgrope-605961794-8,$656.38,672,2
163,Phunter,995906977-X,Phunter-995906977-X,$792.52,701,2
164,BE,302525625-7,BE-302525625-7,$291.78,488,5
165,Handsgrope,832230068-9,Handsgrope-832230068-9,$954.26,114,0
166,Smelta,067472219-1,Smelta-067472219-1,$186.92,889,3
167,Handsgrope,334796983-9,Handsgrope-334796983-9,$498.01,244,3
168,Hohler,417723936-4,Hohler-417723936-4,$740.01,455,4
169,Foen,512850752-1,Foen-512850752-1,$409.04,916,5
170,BE,495042390-8,BE-495042390-8,$705.65,971,4
171,Foen,150778596-8,Foen-150778596-8,$168.68,672,4
172,Hohler,893906944-7,Hohler-893906944-7,$349.90,82,1
173,Kuravent,649080538-3,Kuravent-649080538-3,$857.06,88,1
174,BE,522760541-6,BE-522760541-6,$651.99,946,5
175,Hohler,185224145-4,Hohler-185224145-4,$954.16,488,3
176,BE,030982654-3,BE-030982654-3,$74.69,230,3
177,Hohler,349176543-9,Hohler-349176543-9,$637.42,705,3
178,Smelta,787770423-2,Smelta-787770423-2,$592.79,524,1
179,Hohler,469306763-6,Hohler-469306763-6,$285.96,11,4
180,Hohler,778614605-9,Hohler-778614605-9,$981.29,569,3
181,Smelta,883520856-4,Smelta-883520856-4,$856.74,854,3
182,Smelta,593187778-9,Smelta-593187778-9,$999.58,327,4
183,Phunter,093248775-0,Phunter-093248775-0,$821.19,,
184,BE,758396675-2,BE-758396675-2,$457.94,774,3
185,BE,698839974-7,BE-698839974-7,$105.44,320,2
186,Hohler,687654491-5,Hohler-687654491-5,$148.14,761,4
187,Foen,420751501-1,Foen-420751501-1,$460.35,825,5
188,Handsgrope,987144442-7,Handsgrope-987144442-7,$644.37,27,1
189,Foen,269831121-5,Foen-269831121-5,$385.19,782,2
190,Hohler,156849738-5,Hohler-156849738-5,$715.98,231,4
191,Phunter,356759185-1,Phunter-356759185-1,$306.07,620,2
192,Phunter,020811501-3,Phunter-020811501-3,$775.26,953,1
193,Phunter,142554689-7,Phunter-142554689-7,$113.22,845,2
194,Phunter,455757683-4,Phunter-455757683-4,$422.54,985,0
195,Handsgrope,713829324-0,Handsgrope-713829324-0,$825.08,856,0
196,Smelta,398845557-1,Smelta-398845557-1,$390.24,542,5
197,Handsgrope,270786325-4,Handsgrope-270786325-4,$829.48,50,0
198,Foen,608178172-0,Foen-608178172-0,$652.32,903,3
199,Foen,211242139-5,Foen-211242139-5,$372.38,5,2
200,Foen,326330445-3,Foen-326330445-3,$97.12,535,2
201,Kuravent,521111143-5,Kuravent-521111143-5,$699.04,591,5
202,Handsgrope,997583439-6,Handsgrope-997583439-6,$764.90,655,2
203,Kuravent,028945863-3,Kuravent-028945863-3,$267.55,312,3
204,Phunter,035509210-7,Phunter-035509210-7,$874.57,344,0
205,Phunter,771820369-7,Phunter-771820369-7,$656.57,167,4
206,Foen,801998872-6,Foen-801998872-6,$849.54,120,0
207,Kuravent,665228086-8,Kuravent-665228086-8,$821.87,426,0
208,Hohler,352781531-7,Hohler-352781531-7,$80.86,330,2
209,Hohler,082785078-6,Hohler-082785078-6,$243.25,827,5
210,Kuravent,952531165-1,Kuravent-952531165-1,$255.19,410,3
211,Kuravent,512273672-3,Kuravent-512273672-3,$348.96,,
212,Foen,210350373-2,Foen-210350373-2,$288.54,849,0
213,Kuravent,464970459-6,Kuravent-464970459-6,$157.60,951,2
214,Kuravent,712406628-X,Kuravent-712406628-X,$156.01,596,5
215,Phunter,121884025-0,Phunter-121884025-0,$858.97,340,2
216,Kuravent,616350534-4,Kuravent-616350534-4,$161.19,394,0
217,Kuravent,522361516-6,Kuravent-522361516-6,$581.08,447,3
218,BE,616044014-4,BE-616044014-4,$782.15,492,2
219,Hohler,639066147-9,Hohler-639066147-9,$774.36,939,5
220,Smelta,468176869-3,Smelta-468176869-3,$830.22,137,4
221,Smelta,277118363-3,Smelta-277118363-3,$167.23,801,0
222,BE,514053780-X,BE-514053780-X,$864.10,948,2
223,Handsgrope,087239732-7,Handsgrope-087239732-7,$579.47,245,3
224,Kuravent,238472077-5,Kuravent-238472077-5,$953.92,641,2
225,Handsgrope,606411526-2,Handsgrope-606411526-2,$768.00,644,2
226,Hohler,946884132-4,Hohler-946884132-4,$559.69,370,3
227,Smelta,745918682-1,Smelta-745918682-1,$449.13,938,1
228,Smelta,296487593-6,Smelta-296487593-6,$771.76,68,5
229,Phunter,170922347-2,Phunter-170922347-2,$760.55,957,1
230,Hohler,712578403-8,Hohler-712578403-8,$305.30,569,0
231,BE,991925853-9,BE-991925853-9,$388.70,593,1
232,Handsgrope,582598602-2,Handsgrope-582598602-2,$837.27,414,0
233,Handsgrope,909113850-5,Handsgrope-909113850-5,$357.06,288,5
234,Smelta,224826583-2,Smelta-224826583-2,$602.22,561,3
235,Smelta,675275965-0,Smelta-675275965-0,$102.38,644,2
236,Smelta,633064840-9,Smelta-633064840-9,$714.11,331,3
237,Hohler,880147942-5,Hohler-880147942-5,$532.62,370,4
238,Hohler,392403358-7,Hohler-392403358-7,$378.06,569,3
239,Foen,480790863-4,Foen-480790863-4,$699.29,114,0
240,BE,085454433-X,BE-085454433-X,$844.26,795,0
241,Handsgrope,424675804-3,Handsgrope-424675804-3,$448.27,653,5
242,Smelta,307526362-1,Smelta-307526362-1,$397.69,1000,0
243,Handsgrope,794601849-5,Handsgrope-794601849-5,$888.60,324,5
244,Hohler,968280674-7,Hohler-968280674-7,$103.61,735,5
245,Smelta,714251476-0,Smelta-714251476-0,$425.84,636,5
246,Handsgrope,156781601-0,Handsgrope-156781601-0,$870.38,374,5
247,Kuravent,027655130-3,Kuravent-027655130-3,$506.28,611,5
248,Foen,892643804-X,Foen-892643804-X,$921.03,914,2
249,Hohler,755465384-9,Hohler-755465384-9,$905.32,578,2
250,Foen,865704605-9,Foen-865704605-9,$229.90,498,4
251,Handsgrope,119343444-0,Handsgrope-119343444-0,$69.94,981,0
252,Hohler,979569617-3,Hohler-979569617-3,$253.57,198,2
253,Smelta,160817310-0,Smelta-160817310-0,$721.75,949,2
254,Handsgrope,167538616-1,Handsgrope-167538616-1,$927.34,256,0
255,BE,403848794-6,BE-403848794-6,$675.62,685,4
256,Kuravent,240696461-2,Kuravent-240696461-2,$907.03,983,4
257,Smelta,761379818-6,Smelta-761379818-6,$280.10,4,3
258,Phunter,665551621-8,Phunter-665551621-8,$865.15,714,2
259,Foen,104112512-7,Foen-104112512-7,$58.70,811,0
260,Smelta,200281110-5,Smelta-200281110-5,$938.20,902,2
261,Foen,391169554-3,Foen-391169554-3,$357.72,185,2
262,Smelta,579095709-9,Smelta-579095709-9,$324.58,441,4
263,Hohler,389373481-3,Hohler-389373481-3,$521.40,25,0
264,Smelta,837212071-4,Smelta-837212071-4,$968.39,491,0
265,Hohler,665105631-X,Hohler-665105631-X,$942.47,679,4
266,BE,873161309-8,BE-873161309-8,$663.44,427,4
267,BE,823704225-5,BE-823704225-5,$141.77,709,1
268,Kuravent,771903177-6,Kuravent-771903177-6,$725.80,181,4
269,BE,366963204-2,BE-366963204-2,$544.59,66,0
270,Smelta,890060547-X,Smelta-890060547-X,$432.38,393,4
271,BE,588857964-5,BE-588857964-5,$705.69,149,3
272,Foen,770810123-9,Foen-770810123-9,$373.90,971,4
273,Kuravent,473588981-7,Kuravent-473588981-7,$803.28,412,1
274,Hohler,260383803-2,Hohler-260383803-2,$876.06,218,1
275,Kuravent,382698772-1,Kuravent-382698772-1,$937.68,705,4
276,BE,434634593-X,BE-434634593-X,$281.01,691,5
277,Kuravent,554511154-9,Kuravent-554511154-9,$583.15,432,1
278,BE,013979750-5,BE-013979750-5,$362.25,212,1
279,Phunter,814984799-5,Phunter-814984799-5,$737.67,976,0
280,Kuravent,780395311-5,Kuravent-780395311-5,$675.10,213,4
281,BE,604356275-8,BE-604356275-8,$221.21,347,3
282,Hohler,399177409-7,Hohler-399177409-7,$515.34,343,5
283,Phunter,312429094-1,Phunter-312429094-1,$437.29,612,4
284,Phunter,275345029-3,Phunter-275345029-3,$946.94,943,5
285,Foen,456774541-8,Foen-456774541-8,$951.56,841,5
286,Phunter,697137953-5,Phunter-697137953-5,$348.21,884,4
287,Hohler,338114566-5,Hohler-338114566-5,$497.60,932,0
288,Phunter,987959810-5,Phunter-987959810-5,$85.47,546,4
289,Phunter,321780098-2,Phunter-321780098-2,$882.81,623,5
290,Hohler,773727955-5,Hohler-773727955-5,$728.89,977,1
291,Phunter,305058525-0,Phunter-305058525-0,$218.47,158,1
292,Kuravent,504471036-9,Kuravent-504471036-9,$301.89,472,4
293,Foen,585895790-0,Foen-585895790-0,$834.53,957,4
294,BE,130209230-8,BE-130209230-8,$133.55,172,2
295,Foen,648064893-5,Foen-648064893-5,$396.36,736,0
296,BE,948717120-7,BE-948717120-7,$879.66,601,1
297,Phunter,182002903-4,Phunter-182002903-4,$796.00,851,2
298,Phunter,506109820-X,Phunter-506109820-X,$89.87,538,1
299,Foen,802400353-8,Foen-802400353-8,$891.69,877,5
300,Smelta,678631419-8,Smelta-678631419-8,$141.17,500,0
301,BE,113439721-6,BE-113439721-6,$988.37,514,0
302,Foen,417733996-2,Foen-417733996-2,$447.56,238,0
303,Foen,451545160-X,Foen-451545160-X,$641.92,265,3
304,Handsgrope,045568599-1,Handsgrope-045568599-1,$281.36,708,2
305,Kuravent,062180189-5,Kuravent-062180189-5,$468.32,706,5
306,Foen,115572025-3,Foen-115572025-3,$315.10,287,0
307,Foen,751665158-3,Foen-751665158-3,$292.22,332,3
308,Phunter,745736448-X,Phunter-745736448-X,$297.69,1000,4
309,Handsgrope,374502342-0,Handsgrope-374502342-0,$504.94,644,5
310,Hohler,653159336-9,Hohler-653159336-9,$215.74,678,2
311,Smelta,263811214-3,Smelta-263811214-3,$670.69,925,5
312,BE,890102762-3,BE-890102762-3,$813.16,390,3
313,Foen,435893430-7,Foen-435893430-7,$558.00,148,1
314,Smelta,871419823-1,Smelta-871419823-1,$528.69,,
315,Phunter,111010894-X,Phunter-111010894-X,$775.67,142,5
316,Kuravent,564026957-X,Kuravent-564026957-X,$630.84,487,0
317,Foen,324044519-0,Foen-324044519-0,$110.60,906,3
318,Kuravent,029690417-1,Kuravent-029690417-1,$196.21,713,4
319,Handsgrope,770285642-4,Handsgrope-770285642-4,$490.86,,
320,Phunter,229503506-6,Phunter-229503506-6,$344.15,454,0
321,Smelta,812623923-9,Smelta-812623923-9,$865.87,637,3
322,Phunter,140613244-6,Phunter-140613244-6,$236.18,191,1
323,Handsgrope,827554093-3,Handsgrope-827554093-3,$56.57,703,0
324,Phunter,026180552-5,Phunter-026180552-5,$939.44,267,3
325,Hohler,156907260-4,Hohler-156907260-4,$545.28,613,5
326,Handsgrope,248901608-3,Handsgrope-248901608-3,$716.53,858,2
327,Hohler,855869453-2,Hohler-855869453-2,$549.08,334,1
328,Phunter,886553325-0,Phunter-886553325-0,$441.63,533,4
329,Handsgrope,777004578-9,Handsgrope-777004578-9,$866.08,413,1
330,Hohler,699103843-1,Hohler-699103843-1,$598.84,403,0
331,Handsgrope,138417763-9,Handsgrope-138417763-9,$946.24,949,0
332,BE,233681402-1,BE-233681402-1,$468.58,655,1
333,Handsgrope,201459946-7,Handsgrope-201459946-7,$574.93,695,0
334,BE,298042479-X,BE-298042479-X,$142.86,748,5
335,Handsgrope,998307848-1,Handsgrope-998307848-1,$491.07,551,0
336,Smelta,011164629-4,Smelta-011164629-4,$587.12,89,1
337,Smelta,222838039-3,Smelta-222838039-3,$645.89,942,1
338,Kuravent,609849204-2,Kuravent-609849204-2,$488.36,708,2
339,Hohler,427420372-7,Hohler-427420372-7,$792.16,984,0
340,Smelta,354862119-8,Smelta-354862119-8,$370.02,624,3
341,Handsgrope,379722036-7,Handsgrope-379722036-7,$429.14,904,3
342,Handsgrope,603594130-3,Handsgrope-603594130-3,$491.71,882,0
343,Foen,466335788-1,Foen-466335788-1,$788.76,,
344,BE,081044566-2,BE-081044566-2,$89.31,251,1
345,Handsgrope,860072990-4,Handsgrope-860072990-4,$669.97,382,5
346,BE,947352381-5,BE-947352381-5,$437.25,449,4
347,Foen,207479310-3,Foen-207479310-3,$296.73,418,3
348,Smelta,027261799-7,Smelta-027261799-7,$120.15,217,2
349,Smelta,806149287-3,Smelta-806149287-3,$718.01,352,1
350,Handsgrope,923916831-1,Handsgrope-923916831-1,$305.78,929,4
351,Handsgrope,890948224-9,Handsgrope-890948224-9,$337.45,133,2
352,Phunter,314304775-5,Phunter-314304775-5,$737.69,609,3
353,Handsgrope,120376393-X,Handsgrope-120376393-X,$624.37,649,5
354,Hohler,396556579-6,Hohler-396556579-6,$733.52,302,4
355,Kuravent,550064629-X,Kuravent-550064629-X,$298.81,232,5
356,Kuravent,067464991-5,Kuravent-067464991-5,$685.40,932,2
357,Kuravent,695305744-0,Kuravent-695305744-0,$548.80,436,4
358,Handsgrope,601705625-5,Handsgrope-601705625-5,$544.27,179,2
359,Phunter,048298171-7,Phunter-048298171-7,$463.60,778,1
360,Handsgrope,536949041-4,Handsgrope-536949041-4,$456.75,176,4
361,Kuravent,085577674-9,Kuravent-085577674-9,$985.35,195,5
362,Kuravent,696466687-7,Kuravent-696466687-7,$709.52,73,3
363,Kuravent,076538888-X,Kuravent-076538888-X,$647.40,39,3
364,Smelta,255006039-3,Smelta-255006039-3,$140.30,141,4
365,Handsgrope,612390177-X,Handsgrope-612390177-X,$130.12,206,1
366,Smelta,317702990-3,Smelta-317702990-3,$782.92,119,4
367,BE,136355252-X,BE-136355252-X,$492.80,592,1
368,Handsgrope,572207895-6,Handsgrope-572207895-6,$196.91,566,2
369,BE,860950753-X,BE-860950753-X,$468.14,750,1
370,Kuravent,477398957-2,Kuravent-477398957-2,$182.10,759,3
371,Hohler,713196009-8,Hohler-713196009-8,$291.09,333,3
372,Smelta,092208225-1,Smelta-092208225-1,$866.19,386,3
373,Hohler,854165741-8,Hohler-854165741-8,$425.43,907,3
374,Hohler,525303712-8,Hohler-525303712-8,$528.76,158,0
375,BE,833724694-4,BE-833724694-4,$803.38,985,0
376,Handsgrope,184683157-1,Handsgrope-184683157-1,$513.87,935,1
377,BE,324576568-1,BE-324576568-1,$50.10,282,3
378,Smelta,798408755-5,Smelta-798408755-5,$336.14,808,4
379,Kuravent,121658150-9,Kuravent-121658150-9,$752.95,988,0
380,Smelta,144532966-2,Smelta-144532966-2,$677.28,879,0
381,Smelta,592169187-9,Smelta-592169187-9,$956.51,372,2
382,Handsgrope,552994505-8,Handsgrope-552994505-8,$388.90,984,2
383,BE,893483792-6,BE-893483792-6,$625.12,84,5
384,Foen,545783032-2,Foen-545783032-2,$959.39,545,1
385,Handsgrope,444296723-7,Handsgrope-444296723-7,$881.84,285,2
386,Kuravent,565430691-X,Kuravent-565430691-X,$335.99,617,3
387,Phunter,393095762-0,Phunter-393095762-0,$828.47,42,2
388,Kuravent,497877169-2,Kuravent-497877169-2,$213.86,456,4
389,Hohler,175116007-6,Hohler-175116007-6,$507.60,152,5
390,Smelta,487434458-5,Smelta-487434458-5,$384.44,199,1
391,Foen,979408161-2,Foen-979408161-2,$439.76,17,0
392,Foen,620689053-8,Foen-620689053-8,$775.70,386,5
393,BE,782397107-0,BE-782397107-0,$230.50,10,5
394,Hohler,994427926-9,Hohler-994427926-9,$964.68,6,3
395,Kuravent,937423337-1,Kuravent-937423337-1,$409.33,472,2
396,Foen,829714418-6,Foen-829714418-6,$873.44,690,5
397,BE,215366954-5,BE-215366954-5,$111.76,77,5
398,Kuravent,958146868-4,Kuravent-958146868-4,$662.50,254,5
399,Hohler,642096983-2,Hohler-642096983-2,$69.04,589,2
400,Smelta,921476864-1,Smelta-921476864-1,$347.43,947,4
401,Smelta,450977475-3,Smelta-450977475-3,$877.54,42,2
402,Foen,965763587-X,Foen-965763587-X,$337.73,368,3
403,Hohler,402271148-5,Hohler-402271148-5,$213.58,867,2
404,BE,400449248-3,BE-400449248-3,$232.58,609,1
405,Kuravent,963430337-4,Kuravent-963430337-4,$559.98,162,3
406,Phunter,871406179-1,Phunter-871406179-1,$548.62,412,2
407,Phunter,763127735-4,Phunter-763127735-4,$782.74,341,0
408,Hohler,885732309-9,Hohler-885732309-9,$852.14,780,5
409,BE,831578074-3,BE-831578074-3,$264.85,806,1
410,Phunter,984328343-0,Phunter-984328343-0,$110.76,677,5
411,Kuravent,848543362-9,Kuravent-848543362-9,$993.51,144,3
412,Kuravent,778906871-7,Kuravent-778906871-7,$921.51,393,5
413,Handsgrope,230642098-X,Handsgrope-230642098-X,$536.63,787,3
414,Phunter,262622609-2,Phunter-262622609-2,$593.97,837,5
415,Smelta,759944432-7,Smelta-759944432-7,$96.01,441,2
416,Smelta,304395158-1,Smelta-304395158-1,$248.27,758,4
417,Hohler,510544291-1,Hohler-510544291-1,$98.90,620,4
418,Handsgrope,456671687-2,Handsgrope-456671687-2,$329.72,234,4
419,BE,580223895-X,BE-580223895-X,$295.43,146,5
420,Handsgrope,283421962-1,Handsgrope-283421962-1,$902.55,855,1
421,Hohler,405779058-6,Hohler-405779058-6,$759.38,800,3
422,Phunter,341374677-4,Phunter-341374677-4,$526.47,287,2
423,Phunter,073365592-0,Phunter-073365592-0,$806.41,747,1
424,Handsgrope,605412889-2,Handsgrope-605412889-2,$477.12,345,5
425,Smelta,704711836-5,Smelta-704711836-5,$622.66,426,0
426,Smelta,897341109-8,Smelta-897341109-8,$976.14,326,1
427,Foen,834943653-0,Foen-834943653-0,$508.54,266,5
428,Hohler,634933337-3,Hohler-634933337-3,$128.96,848,0
429,Foen,790807878-8,Foen-790807878-8,$177.94,946,4
430,Hohler,765950525-4,Hohler-765950525-4,$708.22,237,3
431,Hohler,444341108-9,Hohler-444341108-9,$397.30,726,4
432,Foen,260125351-7,Foen-260125351-7,$597.23,615,5
433,Phunter,330204645-6,Phunter-330204645-6,$928.35,670,2
434,Phunter,770560512-0,Phunter-770560512-0,$492.30,112,0
435,Smelta,288149192-8,Smelta-288149192-8,$423.76,266,0
436,Phunter,140693178-0,Phunter-140693178-0,$875.79,336,2
437,Foen,729226038-1,Foen-729226038-1,$344.72,889,1
438,Foen,088401255-7,Foen-088401255-7,$329.92,361,2
439,Kuravent,791510049-1,Kuravent-791510049-1,$995.90,769,3
440,Smelta,308011018-8,Smelta-308011018-8,$802.69,543,0
441,Smelta,563518185-6,Smelta-563518185-6,$190.27,27,1
442,Handsgrope,837404628-7,Handsgrope-837404628-7,$245.38,775,3
443,Foen,700768474-2,Foen-700768474-2,$222.06,447,3
444,Kuravent,711615312-8,Kuravent-711615312-8,$501.26,189,0
445,Smelta,464788482-1,Smelta-464788482-1,$384.15,535,4
446,Foen,584144180-9,Foen-584144180-9,$751.98,306,5
447,Phunter,396986044-X,Phunter-396986044-X,$895.35,845,5
448,Hohler,149727746-9,Hohler-149727746-9,$731.96,159,5
449,Hohler,519371470-6,Hohler-519371470-6,$719.14,28,0
450,Handsgrope,823377232-1,Handsgrope-823377232-1,$909.20,456,4
451,Kuravent,336935320-2,Kuravent-336935320-2,$506.00,794,0
452,Handsgrope,163281949-X,Handsgrope-163281949-X,$689.91,436,1
453,Hohler,617809925-8,Hohler-617809925-8,$313.21,514,5
454,Hohler,781300327-6,Hohler-781300327-6,$878.13,791,3
455,Foen,714599673-1,Foen-714599673-1,$380.68,,
456,Foen,019175022-0,Foen-019175022-0,$746.11,945,2
457,Smelta,075130032-2,Smelta-075130032-2,$862.97,382,2
458,BE,920473816-2,BE-920473816-2,$580.22,768,3
459,Kuravent,653500996-3,Kuravent-653500996-3,$150.28,855,4
460,BE,439284522-2,BE-439284522-2,$464.11,418,5
461,Phunter,476430182-2,Phunter-476430182-2,$663.75,403,4
462,Phunter,646047143-6,Phunter-646047143-6,$608.45,355,3
463,Hohler,406336530-1,Hohler-406336530-1,$474.75,855,1
464,Phunter,129693400-4,Phunter-129693400-4,$951.39,163,3
465,Handsgrope,458893925-4,Handsgrope-458893925-4,$898.36,128,2
466,Foen,732504523-9,Foen-732504523-9,$817.50,790,0
467,Smelta,520813706-2,Smelta-520813706-2,$317.64,86,3
468,Phunter,053755931-0,Phunter-053755931-0,$140.12,193,1
469,Foen,398395134-1,Foen-398395134-1,$791.93,142,4
470,Smelta,593182043-4,Smelta-593182043-4,$624.97,,
471,BE,583331778-9,BE-583331778-9,$970.92,820,4
472,Foen,086455112-6,Foen-086455112-6,$596.76,931,2
473,Kuravent,370837359-6,Kuravent-370837359-6,$602.13,284,4
474,Kuravent,310989251-0,Kuravent-310989251-0,$741.40,484,0
475,Kuravent,353984466-X,Kuravent-353984466-X,$146.94,145,2
476,Handsgrope,402178889-1,Handsgrope-402178889-1,$988.08,971,1
477,Kuravent,759153732-6,Kuravent-759153732-6,$544.58,321,2
478,Kuravent,940277391-6,Kuravent-940277391-6,$453.99,122,0
479,Foen,276093668-6,Foen-276093668-6,$369.14,500,4
480,Smelta,125877940-4,Smelta-125877940-4,$490.88,193,1
481,Phunter,447569252-0,Phunter-447569252-0,$449.88,708,3
482,Hohler,485224563-0,Hohler-485224563-0,$137.52,96,5
483,Smelta,533640729-1,Smelta-533640729-1,$911.75,29,1
484,Handsgrope,465329834-3,Handsgrope-465329834-3,$449.27,592,1
485,Phunter,334498232-X,Phunter-334498232-X,$198.17,139,3
486,Foen,181662769-0,Foen-181662769-0,$865.74,,
487,BE,463607691-5,BE-463607691-5,$844.00,987,2
488,Hohler,257386034-5,Hohler-257386034-5,$152.44,871,1
489,BE,953795087-5,BE-953795087-5,$164.09,45,2
490,Hohler,552324023-0,Hohler-552324023-0,$154.65,463,2
491,Foen,973801253-8,Foen-973801253-8,$275.19,833,1
492,Phunter,177397935-3,Phunter-177397935-3,$102.36,442,2
493,Kuravent,348591033-3,Kuravent-348591033-3,$368.02,656,4
494,BE,319545648-6,BE-319545648-6,$67.47,6,0
495,Phunter,674323489-3,Phunter-674323489-3,$478.28,610,5
496,Smelta,013848483-X,Smelta-013848483-X,$754.31,649,5
497,Handsgrope,752463445-5,Handsgrope-752463445-5,$736.95,685,2
498,Handsgrope,085190811-X,Handsgrope-085190811-X,$282.46,100,5
499,Foen,857349745-9,Foen-857349745-9,$978.45,625,3
500,Phunter,121981844-5,Phunter-121981844-5,$669.25,234,4
501,Handsgrope,279762402-5,Handsgrope-279762402-5,$376.42,298,4
502,BE,443318642-2,BE-443318642-2,$812.22,748,5
503,Foen,049620982-5,Foen-049620982-5,$432.97,722,1
504,Smelta,792435692-4,Smelta-792435692-4,$241.70,666,1
505,Hohler,699942036-X,Hohler-699942036-X,$897.16,183,3
506,Phunter,659390020-6,Phunter-659390020-6,$237.85,166,3
507,Foen,653035312-7,Foen-653035312-7,$554.28,521,5
508,BE,574672550-1,BE-574672550-1,$984.28,786,5
509,BE,763494788-1,BE-763494788-1,$852.10,115,5
510,Handsgrope,313840791-9,Handsgrope-313840791-9,$735.90,160,2
511,Handsgrope,385912228-2,Handsgrope-385912228-2,$834.17,400,2
512,BE,672860426-X,BE-672860426-X,$499.26,306,1
513,Handsgrope,270141124-6,Handsgrope-270141124-6,$858.40,2,5
514,Handsgrope,110490153-6,Handsgrope-110490153-6,$781.44,687,0
515,Handsgrope,866047595-X,Handsgrope-866047595-X,$929.01,362,0
516,Kuravent,137945586-3,Kuravent-137945586-3,$963.49,,
517,Phunter,713767951-X,Phunter-713767951-X,$279.64,912,1
518,Hohler,196936371-1,Hohler-196936371-1,$448.80,965,0
519,Kuravent,488249554-6,Kuravent-488249554-6,$571.51,770,0
520,Foen,598488068-7,Foen-598488068-7,$435.03,59,0
521,Kuravent,024630497-9,Kuravent-024630497-9,$395.48,405,4
522,Phunter,564510207-X,Phunter-564510207-X,$778.47,339,1
523,Phunter,579668906-1,Phunter-579668906-1,$578.90,40,1
524,Handsgrope,577457188-2,Handsgrope-577457188-2,$487.73,841,4
525,BE,734777143-9,BE-734777143-9,$425.26,887,1
526,BE,286192974-X,BE-286192974-X,$815.37,821,0
527,Hohler,236206461-1,Hohler-236206461-1,$660.38,233,0
528,Handsgrope,165801311-5,Handsgrope-165801311-5,$360.30,187,5
529,BE,520707454-7,BE-520707454-7,$560.45,155,1
530,Phunter,767352634-4,Phunter-767352634-4,$639.43,561,0
531,Phunter,898488933-4,Phunter-898488933-4,$489.00,930,2
532,Handsgrope,976231923-0,Handsgrope-976231923-0,$311.10,540,0
533,Smelta,051706705-6,Smelta-051706705-6,$811.07,562,3
534,Hohler,285263658-1,Hohler-285263658-1,$622.54,141,3
535,BE,874951305-2,BE-874951305-2,$217.69,536,1
536,Smelta,411951587-7,Smelta-411951587-7,$668.74,391,4
537,BE,849471386-8,BE-849471386-8,$930.24,229,4
538,Kuravent,164595621-0,Kuravent-164595621-0,$487.86,1,1
539,Foen,711361037-4,Foen-711361037-4,$937.88,493,1
540,Smelta,993376690-2,Smelta-993376690-2,$503.51,660,4
541,BE,223022743-2,BE-223022743-2,$748.95,621,0
542,Phunter,923866886-8,Phunter-923866886-8,$481.01,957,5
543,Foen,678045149-5,Foen-678045149-5,$626.04,136,0
544,Hohler,295918061-5,Hohler-295918061-5,$472.20,671,1
545,Foen,419003477-0,Foen-419003477-0,$933.73,205,1
546,BE,241143432-4,BE-241143432-4,$731.73,24,3
547,Phunter,389748536-2,Phunter-389748536-2,$832.08,358,2
548,Phunter,035073424-0,Phunter-035073424-0,$95.21,99,4
549,Kuravent,796801360-7,Kuravent-796801360-7,$116.30,379,4
550,Handsgrope,292315549-1,Handsgrope-292315549-1,$384.70,768,5
551,Kuravent,778365055-4,Kuravent-778365055-4,$672.49,761,4
552,Kuravent,743725756-4,Kuravent-743725756-4,$196.45,814,5
553,BE,744478998-3,BE-744478998-3,$202.23,134,0
554,Foen,520133462-8,Foen-520133462-8,$425.67,296,1
555,Kuravent,803876972-4,Kuravent-803876972-4,$719.56,191,1
556,BE,313539152-3,BE-313539152-3,$325.88,549,3
557,Foen,274070234-5,Foen-274070234-5,$822.10,500,0
558,Kuravent,998885296-7,Kuravent-998885296-7,$202.69,430,3
559,Foen,263933243-0,Foen-263933243-0,$660.19,888,1
560,Hohler,866227145-6,Hohler-866227145-6,$421.39,778,3
561,Hohler,820789449-0,Hohler-820789449-0,$471.57,673,3
562,Kuravent,492019843-4,Kuravent-492019843-4,$278.43,673,4
563,Phunter,437507970-3,Phunter-437507970-3,$393.19,351,1
564,Kuravent,478471140-6,Kuravent-478471140-6,$895.98,32,1
565,Phunter,894180581-3,Phunter-894180581-3,$593.05,999,5
566,Handsgrope,405348867-2,Handsgrope-405348867-2,$186.12,483,3
567,Phunter,843023802-6,Phunter-843023802-6,$710.92,735,3
568,Hohler,163555289-3,Hohler-163555289-3,$656.43,494,0
569,Phunter,882152273-3,Phunter-882152273-3,$329.91,76,2
570,Phunter,570264205-8,Phunter-570264205-8,$228.17,498,3
571,Smelta,107760555-2,Smelta-107760555-2,$852.25,213,4
572,Phunter,592592300-6,Phunter-592592300-6,$767.81,721,2
573,Hohler,652982058-2,Hohler-652982058-2,$494.73,656,2
574,Kuravent,239259937-8,Kuravent-239259937-8,$490.16,201,3
575,Hohler,178999725-9,Hohler-178999725-9,$806.71,390,2
576,Handsgrope,081461731-X,Handsgrope-081461731-X,$660.42,511,4
577,BE,591073256-0,BE-591073256-0,$455.13,396,5
578,Hohler,358974723-4,Hohler-358974723-4,$376.65,947,2
579,Handsgrope,276115475-4,Handsgrope-276115475-4,$169.07,234,1
580,Hohler,596949666-9,Hohler-596949666-9,$815.54,33,1
581,Hohler,820545257-1,Hohler-820545257-1,$92.94,74,2
582,Smelta,213862207-X,Smelta-213862207-X,$173.79,637,3
583,Foen,699266824-2,Foen-699266824-2,$531.19,820,1
584,Hohler,415089217-2,Hohler-415089217-2,$415.14,717,5
585,Kuravent,182838367-8,Kuravent-182838367-8,$68.73,667,1
586,Phunter,985815044-X,Phunter-985815044-X,$985.19,197,5
587,BE,132954257-6,BE-132954257-6,$50.82,525,1
588,Kuravent,531017363-3,Kuravent-531017363-3,$634.45,814,1
589,Smelta,353550426-0,Smelta-353550426-0,$62.34,457,1
590,Hohler,741646204-5,Hohler-741646204-5,$65.68,425,5
591,Handsgrope,636978009-X,Handsgrope-636978009-X,$711.07,956,0
592,Smelta,594951906-X,Smelta-594951906-X,$591.86,26,5
593,Foen,530934318-0,Foen-530934318-0,$861.73,121,2
594,Kuravent,156176924-X,Kuravent-156176924-X,$944.66,635,5
595,Foen,322755413-5,Foen-322755413-5,$312.83,466,4
596,Handsgrope,203270031-X,Handsgrope-203270031-X,$956.65,587,1
597,Handsgrope,081504704-5,Handsgrope-081504704-5,$907.44,272,0
598,Kuravent,776820283-X,Kuravent-776820283-X,$404.87,161,4
599,Foen,173565396-9,Foen-173565396-9,$140.86,304,3
600,BE,067292133-2,BE-067292133-2,$129.62,49,5
601,Hohler,817090950-3,Hohler-817090950-3,$167.92,332,5
602,BE,867819791-9,BE-867819791-9,$218.72,928,1
603,Phunter,637329029-8,Phunter-637329029-8,$103.63,627,3
604,Hohler,727471980-7,Hohler-727471980-7,$632.58,165,4
605,Handsgrope,521587926-5,Handsgrope-521587926-5,$678.73,134,3
606,Kuravent,286345201-0,Kuravent-286345201-0,$382.96,650,2
607,Smelta,698718946-3,Smelta-698718946-3,$306.88,974,2
608,Foen,240926870-6,Foen-240926870-6,$383.76,607,5
609,Smelta,055370594-6,Smelta-055370594-6,$355.17,606,3
610,BE,049455392-8,BE-049455392-8,$438.36,745,5
611,Foen,276766119-4,Foen-276766119-4,$534.64,681,1
612,BE,254595990-1,BE-254595990-1,$785.79,301,3
613,Handsgrope,473482825-3,Handsgrope-473482825-3,$517.62,530,5
614,Kuravent,043555201-5,Kuravent-043555201-5,$134.36,213,0
615,Kuravent,936987028-8,Kuravent-936987028-8,$979.27,106,4
616,Smelta,532966525-6,Smelta-532966525-6,$79.65,861,4
617,Hohler,196038324-8,Hohler-196038324-8,$314.66,692,1
618,Smelta,864328146-8,Smelta-864328146-8,$579.09,362,4
619,Kuravent,069703344-9,Kuravent-069703344-9,$248.65,843,5
620,Handsgrope,510618811-3,Handsgrope-510618811-3,$489.45,933,5
621,Smelta,977183414-2,Smelta-977183414-2,$946.62,293,1
622,Kuravent,184609611-1,Kuravent-184609611-1,$149.65,118,4
623,Hohler,628210628-1,Hohler-628210628-1,$264.01,257,2
624,Phunter,612375125-5,Phunter-612375125-5,$567.87,487,4
625,Kuravent,638191359-2,Kuravent-638191359-2,$823.69,111,0
626,Smelta,839003889-7,Smelta-839003889-7,$371.66,562,1
627,Handsgrope,479379061-5,Handsgrope-479379061-5,$377.70,871,4
628,Handsgrope,814380186-1,Handsgrope-814380186-1,$361.89,877,2
629,Smelta,028334138-6,Smelta-028334138-6,$969.84,208,1
630,Kuravent,794839303-X,Kuravent-794839303-X,$116.82,694,5
631,Hohler,696216574-9,Hohler-696216574-9,$50.21,124,5
632,Hohler,531233479-0,Hohler-531233479-0,$972.85,555,1
633,Handsgrope,530884725-8,Handsgrope-530884725-8,$762.18,751,3
634,Kuravent,606761183-X,Kuravent-606761183-X,$837.10,122,1
635,Smelta,723397408-X,Smelta-723397408-X,$320.07,474,1
636,Hohler,055010433-X,Hohler-055010433-X,$239.48,930,5
637,Handsgrope,304488860-3,Handsgrope-304488860-3,$620.81,296,3
638,BE,136315104-5,BE-136315104-5,$303.56,125,3
639,Hohler,317826471-X,Hohler-317826471-X,$764.29,395,4
640,Handsgrope,909961149-8,Handsgrope-909961149-8,$765.32,280,5
641,Handsgrope,596484890-7,Handsgrope-596484890-7,$640.59,613,5
642,Handsgrope,218552927-7,Handsgrope-218552927-7,$69.31,269,3
643,BE,707197984-7,BE-707197984-7,$975.21,661,5
644,Phunter,349862523-3,Phunter-349862523-3,$467.86,729,5
645,Handsgrope,226573549-3,Handsgrope-226573549-3,$832.12,767,5
646,Phunter,180010118-X,Phunter-180010118-X,$778.21,309,2
647,Hohler,278198446-9,Hohler-278198446-9,$165.83,76,1
648,Foen,369814647-9,Foen-369814647-9,$198.14,752,4
649,Handsgrope,292700802-7,Handsgrope-292700802-7,$702.27,58,0
650,BE,358093458-9,BE-358093458-9,$419.48,325,1
651,Hohler,624567950-8,Hohler-624567950-8,$585.96,42,4
652,Smelta,057038507-5,Smelta-057038507-5,$686.44,160,1
653,Phunter,444129322-4,Phunter-444129322-4,$924.54,842,2
654,Hohler,241542757-8,Hohler-241542757-8,$815.32,537,1
655,Smelta,264113693-7,Smelta-264113693-7,$719.92,591,4
656,Smelta,631064655-9,Smelta-631064655-9,$86.07,841,4
657,Hohler,012932842-1,Hohler-012932842-1,$745.90,627,5
658,Phunter,853438537-8,Phunter-853438537-8,$230.47,600,0
659,Kuravent,213084093-0,Kuravent-213084093-0,$692.26,706,3
660,Hohler,106183919-2,Hohler-106183919-2,$702.58,272,3
661,Hohler,561803641-X,Hohler-561803641-X,$83.94,413,1
662,Foen,102333451-8,Foen-102333451-8,$454.10,833,4
663,Kuravent,320407386-6,Kuravent-320407386-6,$981.17,777,3
664,Kuravent,931653569-7,Kuravent-931653569-7,$679.01,956,4
665,BE,867858349-5,BE-867858349-5,$619.37,677,3
666,BE,959944754-9,BE-959944754-9,$650.07,101,3
667,Smelta,781657000-7,Smelta-781657000-7,$190.75,741,1
668,Smelta,620325256-5,Smelta-620325256-5,$631.02,349,5
669,Smelta,419162447-4,Smelta-419162447-4,$95.18,953,0
670,Handsgrope,493118156-2,Handsgrope-493118156-2,$233.48,460,4
671,Foen,457843315-3,Foen-457843315-3,$484.12,164,2
672,Kuravent,997664891-X,Kuravent-997664891-X,$729.97,416,2
673,Phunter,484548938-4,Phunter-484548938-4,$778.92,645,4
674,Kuravent,004758999-X,Kuravent-004758999-X,$394.62,302,3
675,Phunter,332836815-9,Phunter-332836815-9,$199.00,276,0
676,BE,197905194-1,BE-197905194-1,$737.98,791,4
677,Smelta,875159876-0,Smelta-875159876-0,$342.56,692,0
678,Hohler,879733782-X,Hohler-879733782-X,$557.34,989,3
679,Kuravent,369286323-3,Kuravent-369286323-3,$78.61,842,1
680,Phunter,727132581-6,Phunter-727132581-6,$683.91,316,2
681,Handsgrope,550737895-9,Handsgrope-550737895-9,$910.11,833,2
682,BE,331176851-5,BE-331176851-5,$286.54,115,2
683,Kuravent,370941239-0,Kuravent-370941239-0,$576.72,242,0
684,BE,742142457-1,BE-742142457-1,$595.37,478,5
685,Kuravent,545061537-X,Kuravent-545061537-X,$699.89,925,1
686,BE,872243893-9,BE-872243893-9,$549.49,766,0
687,BE,264898184-5,BE-264898184-5,$792.02,870,4
688,Hohler,081527042-9,Hohler-081527042-9,$472.07,284,0
689,Smelta,258738891-0,Smelta-258738891-0,$881.17,512,4
690,Kuravent,026684601-7,Kuravent-026684601-7,$302.40,897,2
691,Hohler,387040102-8,Hohler-387040102-8,$865.01,191,3
692,BE,637751594-4,BE-637751594-4,$978.31,595,0
693,Foen,551588803-0,Foen-551588803-0,$959.13,220,2
694,Handsgrope,967788707-6,Handsgrope-967788707-6,$974.19,999,4
695,Smelta,737648051-X,Smelta-737648051-X,$491.14,711,5
696,Foen,656969204-6,Foen-656969204-6,$867.59,225,5
697,BE,469973805-2,BE-469973805-2,$357.42,965,4
698,Hohler,515025694-3,Hohler-515025694-3,$406.68,362,5
699,Hohler,659993974-0,Hohler-659993974-0,$607.38,75,1
700,Kuravent,441792744-8,Kuravent-441792744-8,$484.61,906,0
701,Kuravent,419226491-9,Kuravent-419226491-9,$699.25,790,2
702,BE,211818658-4,BE-211818658-4,$220.14,851,0
703,Phunter,887750008-5,Phunter-887750008-5,$981.95,170,2
704,Kuravent,345690559-9,Kuravent-345690559-9,$986.01,56,3
705,BE,828394551-3,BE-828394551-3,$943.46,859,4
706,Kuravent,700847770-8,Kuravent-700847770-8,$886.22,457,1
707,Kuravent,165015737-1,Kuravent-165015737-1,$864.90,709,4
708,Handsgrope,902627419-X,Handsgrope-902627419-X,$957.72,408,3
709,Hohler,305455338-8,Hohler-305455338-8,$855.91,69,0
710,Phunter,161006517-4,Phunter-161006517-4,$812.48,253,4
711,Handsgrope,281317732-6,Handsgrope-281317732-6,$765.96,281,4
712,Kuravent,303171585-3,Kuravent-303171585-3,$639.51,630,0
713,Phunter,030526864-3,Phunter-030526864-3,$926.53,842,4
714,Handsgrope,476087883-1,Handsgrope-476087883-1,$238.75,958,2
715,Handsgrope,227650254-1,Handsgrope-227650254-1,$56.99,355,4
716,Smelta,384168205-7,Smelta-384168205-7,$291.94,247,2
717,Phunter,052820720-2,Phunter-052820720-2,$394.97,744,3
718,Kuravent,560092656-1,Kuravent-560092656-1,$170.66,877,3
719,Hohler,870944179-4,Hohler-870944179-4,$398.74,879,1
720,Hohler,415472260-3,Hohler-415472260-3,$654.55,571,0
721,Phunter,323468327-1,Phunter-323468327-1,$679.66,232,2
722,Hohler,706163942-3,Hohler-706163942-3,$684.02,889,4
723,Kuravent,507530195-9,Kuravent-507530195-9,$366.33,550,5
724,Smelta,127389926-1,Smelta-127389926-1,$967.59,193,2
725,BE,170763035-6,BE-170763035-6,$847.94,67,2
726,BE,908518736-2,BE-908518736-2,$578.13,197,4
727,Phunter,683376203-1,Phunter-683376203-1,$911.47,434,4
728,Phunter,799760248-8,Phunter-799760248-8,$289.61,982,4
729,Smelta,059129203-3,Smelta-059129203-3,$250.32,689,3
730,BE,677101059-7,BE-677101059-7,$825.46,887,5
731,BE,335222664-4,BE-335222664-4,$700.22,65,4
732,Foen,811762656-X,Foen-811762656-X,$848.06,933,4
733,Phunter,127484349-9,Phunter-127484349-9,$946.95,316,5
734,Hohler,456004406-6,Hohler-456004406-6,$356.04,57,4
735,BE,062750343-8,BE-062750343-8,$137.16,500,0
736,Smelta,763509471-8,Smelta-763509471-8,$372.12,615,5
737,Handsgrope,703024602-0,Handsgrope-703024602-0,$497.45,544,3
738,Phunter,835969385-4,Phunter-835969385-4,$469.24,159,4
739,Hohler,581558559-9,Hohler-581558559-9,$133.91,555,5
740,Smelta,473813604-6,Smelta-473813604-6,$202.06,360,3
741,Handsgrope,470111659-9,Handsgrope-470111659-9,$967.02,902,3
742,Hohler,702274901-9,Hohler-702274901-9,$940.80,382,3
743,Handsgrope,481116039-8,Handsgrope-481116039-8,$392.44,584,2
744,Phunter,466981098-7,Phunter-466981098-7,$280.59,269,2
745,Foen,068025522-2,Foen-068025522-2,$55.11,361,4
746,BE,517413533-X,BE-517413533-X,$688.92,555,3
747,BE,795261585-8,BE-795261585-8,$599.03,975,0
748,Kuravent,053565674-2,Kuravent-053565674-2,$399.71,158,4
749,Foen,065654502-X,Foen-065654502-X,$401.84,14,1
750,Phunter,522786259-1,Phunter-522786259-1,$223.24,521,4
751,Smelta,699175487-0,Smelta-699175487-0,$201.90,955,0
752,BE,560492009-6,BE-560492009-6,$276.83,595,4
753,BE,213389492-6,BE-213389492-6,$663.43,553,0
754,BE,691304318-X,BE-691304318-X,$747.64,761,3
755,Handsgrope,366705280-4,Handsgrope-366705280-4,$754.20,284,0
756,BE,279278684-1,BE-279278684-1,$195.17,978,4
757,Phunter,097924392-0,Phunter-097924392-0,$208.30,560,4
758,BE,080025673-5,BE-080025673-5,$294.88,336,1
759,Smelta,378539581-7,Smelta-378539581-7,$880.74,454,4
760,Foen,299136115-8,Foen-299136115-8,$866.41,880,3
761,Phunter,417176226-X,Phunter-417176226-X,$497.37,284,3
762,Foen,075635987-2,Foen-075635987-2,$720.71,153,4
763,Smelta,640957904-7,Smelta-640957904-7,$896.86,55,1
764,Foen,983413897-0,Foen-983413897-0,$872.91,817,0
765,BE,038711679-6,BE-038711679-6,$76.07,101,0
766,Kuravent,806978357-5,Kuravent-806978357-5,$733.36,416,5
767,Phunter,304406738-3,Phunter-304406738-3,$489.10,263,4
768,Phunter,422541955-X,Phunter-422541955-X,$889.09,359,2
769,Phunter,594668454-X,Phunter-594668454-X,$470.88,347,2
770,BE,953439662-1,BE-953439662-1,$120.42,863,3
771,Phunter,848188751-X,Phunter-848188751-X,$420.87,122,1
772,Phunter,822489081-3,Phunter-822489081-3,$575.03,489,3
773,Handsgrope,272470810-5,Handsgrope-272470810-5,$296.21,219,4
774,BE,303857977-7,BE-303857977-7,$235.41,,
775,Kuravent,725358238-1,Kuravent-725358238-1,$541.89,495,3
776,BE,583552904-X,BE-583552904-X,$377.41,699,0
777,Phunter,577361589-4,Phunter-577361589-4,$871.95,698,5
778,Handsgrope,555560775-X,Handsgrope-555560775-X,$945.83,39,2
779,BE,060104769-9,BE-060104769-9,$948.46,172,1
780,BE,210710040-3,BE-210710040-3,$330.75,683,4
781,Phunter,243067856-X,Phunter-243067856-X,$454.88,62,0
782,BE,046108771-5,BE-046108771-5,$323.04,962,2
783,BE,173416652-5,BE-173416652-5,$411.35,785,0
784,BE,751128696-8,BE-751128696-8,$566.67,891,1
785,Hohler,651958681-1,Hohler-651958681-1,$660.87,95,4
786,Foen,930535803-9,Foen-930535803-9,$256.15,127,5
787,Smelta,782834042-7,Smelta-782834042-7,$56.90,292,0
788,Smelta,262755439-5,Smelta-262755439-5,$957.07,,
789,Foen,215080819-6,Foen-215080819-6,$287.45,449,3
790,Phunter,104356252-4,Phunter-104356252-4,$574.00,266,3
791,Foen,915870131-1,Foen-915870131-1,$911.02,216,0
792,Smelta,224202093-5,Smelta-224202093-5,$335.02,287,3
793,Kuravent,490980640-7,Kuravent-490980640-7,$266.88,765,5
794,Hohler,130901307-1,Hohler-130901307-1,$576.63,334,5
795,Phunter,757594251-3,Phunter-757594251-3,$993.69,254,4
796,Smelta,830920513-9,Smelta-830920513-9,$909.50,896,3
797,Smelta,350602641-0,Smelta-350602641-0,$200.98,186,4
798,BE,931189974-7,BE-931189974-7,$392.08,275,3
799,BE,901409126-5,BE-901409126-5,$647.42,796,2
800,Smelta,396344341-3,Smelta-396344341-3,$703.16,216,5
801,Foen,849231594-6,Foen-849231594-6,$542.34,957,4
802,Foen,632236776-5,Foen-632236776-5,$885.13,985,3
803,Hohler,492121988-5,Hohler-492121988-5,$666.02,935,3
804,Kuravent,778481778-9,Kuravent-778481778-9,$72.81,969,4
805,Handsgrope,514279673-X,Handsgrope-514279673-X,$470.53,5,3
806,Smelta,503322449-2,Smelta-503322449-2,$700.44,433,2
807,Foen,689129612-9,Foen-689129612-9,$933.47,118,4
808,Smelta,284373332-4,Smelta-284373332-4,$901.53,926,2
809,BE,094441796-5,BE-094441796-5,$225.95,397,1
810,Smelta,584915505-8,Smelta-584915505-8,$890.77,726,3
811,Phunter,411673167-6,Phunter-411673167-6,$712.99,184,3
812,Phunter,472975015-2,Phunter-472975015-2,$278.00,337,3
813,Kuravent,506516995-0,Kuravent-506516995-0,$562.11,1000,5
814,Kuravent,763661512-6,Kuravent-763661512-6,$70.85,201,0
815,Handsgrope,457414316-9,Handsgrope-457414316-9,$201.54,948,3
816,Handsgrope,884184069-2,Handsgrope-884184069-2,$108.27,486,5
817,Foen,700444149-0,Foen-700444149-0,$887.45,513,3
818,Phunter,187333600-4,Phunter-187333600-4,$340.81,261,1
819,BE,802129397-7,BE-802129397-7,$590.88,475,5
820,Phunter,995572503-6,Phunter-995572503-6,$892.59,248,2
821,BE,298699344-3,BE-298699344-3,$803.24,770,0
822,Hohler,187478454-X,Hohler-187478454-X,$820.28,347,5
823,Kuravent,359294176-3,Kuravent-359294176-3,$365.12,189,4
824,Kuravent,737487809-5,Kuravent-737487809-5,$50.42,579,3
825,Hohler,887063566-X,Hohler-887063566-X,$546.56,344,3
826,Kuravent,531811547-0,Kuravent-531811547-0,$656.78,783,3
827,Hohler,299967305-1,Hohler-299967305-1,$987.19,415,5
828,Smelta,307356696-1,Smelta-307356696-1,$640.60,581,1
829,Phunter,407887230-1,Phunter-407887230-1,$302.01,0,0
830,BE,059805936-9,BE-059805936-9,$67.49,754,1
831,BE,568240788-1,BE-568240788-1,$201.42,565,1
832,Smelta,177225460-6,Smelta-177225460-6,$476.33,61,2
833,Phunter,184498701-9,Phunter-184498701-9,$345.24,908,2
834,Phunter,599707380-7,Phunter-599707380-7,$697.54,274,4
835,Hohler,802627677-9,Hohler-802627677-9,$202.84,696,1
836,BE,368094412-8,BE-368094412-8,$834.08,116,4
837,Phunter,149066116-6,Phunter-149066116-6,$751.11,317,4
838,Handsgrope,188796710-9,Handsgrope-188796710-9,$466.17,712,1
839,Handsgrope,613865100-6,Handsgrope-613865100-6,$218.36,838,5
840,Smelta,471614457-7,Smelta-471614457-7,$864.83,253,4
841,Phunter,231969689-X,Phunter-231969689-X,$256.00,484,1
842,BE,885321946-7,BE-885321946-7,$766.73,528,4
843,Kuravent,629200625-5,Kuravent-629200625-5,$304.83,873,1
844,Kuravent,141912285-1,Kuravent-141912285-1,$620.89,723,1
845,Kuravent,552245590-X,Kuravent-552245590-X,$225.56,785,4
846,Handsgrope,620012718-2,Handsgrope-620012718-2,$815.10,403,2
847,Smelta,390264188-6,Smelta-390264188-6,$461.42,25,1
848,Kuravent,571251036-7,Kuravent-571251036-7,$316.50,661,0
849,Smelta,421705798-9,Smelta-421705798-9,$640.77,729,3
850,BE,103262119-2,BE-103262119-2,$65.47,817,1
851,Kuravent,686332071-1,Kuravent-686332071-1,$558.99,435,0
852,Phunter,415765692-X,Phunter-415765692-X,$846.51,177,4
853,Kuravent,506247097-8,Kuravent-506247097-8,$845.82,181,2
854,Handsgrope,441650162-5,Handsgrope-441650162-5,$641.74,420,5
855,BE,048036256-4,BE-048036256-4,$322.45,710,0
856,Smelta,649031757-5,Smelta-649031757-5,$509.18,140,1
857,Foen,030818140-9,Foen-030818140-9,$530.58,342,0
858,Foen,942183511-5,Foen-942183511-5,$601.77,835,4
859,Handsgrope,471090301-8,Handsgrope-471090301-8,$905.59,387,4
860,Handsgrope,022185252-2,Handsgrope-022185252-2,$270.22,448,4
861,Hohler,882124144-0,Hohler-882124144-0,$257.55,29,0
862,Hohler,400831068-1,Hohler-400831068-1,$739.17,566,1
863,Foen,260697872-2,Foen-260697872-2,$916.50,91,2
864,Phunter,910996211-5,Phunter-910996211-5,$204.32,813,3
865,Handsgrope,326326484-2,Handsgrope-326326484-2,$854.77,804,0
866,Handsgrope,049202027-2,Handsgrope-049202027-2,$117.99,43,2
867,Kuravent,616506113-3,Kuravent-616506113-3,$914.97,537,0
868,BE,968493677-X,BE-968493677-X,$842.64,668,3
869,BE,350720748-6,BE-350720748-6,$791.43,946,5
870,Smelta,224607511-4,Smelta-224607511-4,$51.98,369,5
871,Foen,740259170-0,Foen-740259170-0,$447.96,489,2
872,Handsgrope,857707246-0,Handsgrope-857707246-0,$349.58,886,2
873,Smelta,643760215-5,Smelta-643760215-5,$694.61,257,3
874,Foen,112451731-6,Foen-112451731-6,$943.14,95,4
875,Handsgrope,160248589-5,Handsgrope-160248589-5,$624.20,570,5
876,BE,356792190-8,BE-356792190-8,$259.95,417,2
877,BE,398104177-1,BE-398104177-1,$66.28,814,3
878,Smelta,189240733-7,Smelta-189240733-7,$631.54,670,1
879,Handsgrope,450141691-2,Handsgrope-450141691-2,$740.77,296,5
880,Foen,022079184-8,Foen-022079184-8,$654.64,87,3
881,Phunter,247445745-3,Phunter-247445745-3,$380.84,891,5
882,Kuravent,451985589-6,Kuravent-451985589-6,$959.92,534,2
883,Phunter,336267437-2,Phunter-336267437-2,$847.44,891,1
884,Smelta,505489081-5,Smelta-505489081-5,$819.84,911,3
885,BE,596190431-8,BE-596190431-8,$400.90,20,3
886,BE,389776578-0,BE-389776578-0,$731.38,452,0
887,Handsgrope,499869149-X,Handsgrope-499869149-X,$625.60,68,1
888,BE,314775001-9,BE-314775001-9,$930.77,424,5
889,Foen,494902295-4,Foen-494902295-4,$92.34,,
890,Foen,516415505-2,Foen-516415505-2,$215.78,97,0
891,Kuravent,790971343-6,Kuravent-790971343-6,$518.78,724,4
892,Foen,961543676-3,Foen-961543676-3,$763.81,514,2
893,Kuravent,333752510-5,Kuravent-333752510-5,$741.79,713,4
894,Smelta,527844670-6,Smelta-527844670-6,$147.06,848,2
895,Handsgrope,960150555-5,Handsgrope-960150555-5,$308.99,748,3
896,Phunter,951027369-4,Phunter-951027369-4,$404.12,558,2
897,BE,050442587-0,BE-050442587-0,$530.57,778,3
898,Foen,213461484-6,Foen-213461484-6,$800.31,918,4
899,Smelta,852421852-5,Smelta-852421852-5,$523.50,993,5
900,BE,464587548-5,BE-464587548-5,$995.70,186,3
901,Handsgrope,165246211-2,Handsgrope-165246211-2,$921.54,336,4
902,Hohler,937475546-7,Hohler-937475546-7,$989.53,862,5
903,BE,286864518-6,BE-286864518-6,$330.97,426,5
904,Hohler,361966007-7,Hohler-361966007-7,$678.70,761,1
905,Handsgrope,979702603-5,Handsgrope-979702603-5,$156.50,222,1
906,BE,039767834-7,BE-039767834-7,$69.70,508,4
907,Hohler,658704006-3,Hohler-658704006-3,$270.97,105,0
908,Foen,756621895-6,Foen-756621895-6,$429.98,412,2
909,Phunter,066194314-3,Phunter-066194314-3,$231.68,295,3
910,Kuravent,391579463-5,Kuravent-391579463-5,$478.60,853,5
911,Handsgrope,843517295-3,Handsgrope-843517295-3,$127.16,791,4
912,Handsgrope,840805897-5,Handsgrope-840805897-5,$619.84,674,3
913,BE,590516928-4,BE-590516928-4,$694.32,774,2
914,Foen,850417219-8,Foen-850417219-8,$247.44,577,3
915,BE,111381652-X,BE-111381652-X,$530.59,214,0
916,Foen,661846512-5,Foen-661846512-5,$159.40,92,4
917,Foen,362028723-6,Foen-362028723-6,$107.56,50,1
918,Kuravent,400733230-4,Kuravent-400733230-4,$123.42,883,2
919,Phunter,355166608-3,Phunter-355166608-3,$110.18,887,4
920,Handsgrope,480566214-X,Handsgrope-480566214-X,$513.54,930,1
921,Phunter,987962620-6,Phunter-987962620-6,$716.59,468,3
922,Smelta,847267061-9,Smelta-847267061-9,$646.02,172,5
923,Hohler,739398372-9,Hohler-739398372-9,$642.20,842,1
924,Smelta,291158235-7,Smelta-291158235-7,$50.42,221,4
925,Kuravent,868928438-9,Kuravent-868928438-9,$958.35,12,3
926,BE,596306823-1,BE-596306823-1,$922.13,248,5
927,Handsgrope,018349903-4,Handsgrope-018349903-4,$325.58,704,0
928,Handsgrope,156603804-9,Handsgrope-156603804-9,$933.03,521,3
929,BE,107463447-0,BE-107463447-0,$523.94,804,5
930,Foen,536537972-1,Foen-536537972-1,$563.56,98,1
931,Smelta,289225598-8,Smelta-289225598-8,$227.15,528,1
932,Hohler,421480535-6,Hohler-421480535-6,$922.11,117,1
933,Handsgrope,550628030-0,Handsgrope-550628030-0,$751.94,771,0
934,BE,718533771-2,BE-718533771-2,$901.26,183,4
935,Smelta,328439594-6,Smelta-328439594-6,$782.62,955,4
936,Handsgrope,878774324-8,Handsgrope-878774324-8,$110.21,359,2
937,Handsgrope,453833810-9,Handsgrope-453833810-9,$87.49,901,2
938,BE,295807591-5,BE-295807591-5,$279.65,832,0
939,Hohler,859506629-9,Hohler-859506629-9,$112.63,724,0
940,Hohler,656124611-X,Hohler-656124611-X,$636.68,610,2
941,Phunter,903081580-9,Phunter-903081580-9,$882.86,798,2
942,Kuravent,959088911-5,Kuravent-959088911-5,$138.04,554,4
943,BE,191530223-4,BE-191530223-4,$549.22,904,0
944,BE,987146046-5,BE-987146046-5,$176.18,905,5
945,BE,870093681-2,BE-870093681-2,$354.90,604,2
946,Hohler,114187381-8,Hohler-114187381-8,$872.65,211,4
947,Handsgrope,949030457-3,Handsgrope-949030457-3,$935.01,78,0
948,Handsgrope,552915025-X,Handsgrope-552915025-X,$903.21,312,2
949,BE,575072135-3,BE-575072135-3,$943.42,964,0
950,Smelta,642176059-7,Smelta-642176059-7,$163.86,982,5
951,Kuravent,563898463-1,Kuravent-563898463-1,$689.91,189,1
952,Phunter,367053506-3,Phunter-367053506-3,$260.69,495,1
953,Foen,066202373-0,Foen-066202373-0,$928.43,763,4
954,Smelta,616682149-2,Smelta-616682149-2,$820.24,802,5
955,Handsgrope,491670998-5,Handsgrope-491670998-5,$951.82,139,0
956,Foen,760044562-X,Foen-760044562-X,$687.65,730,2
957,BE,815506949-4,BE-815506949-4,$342.94,793,2
958,Hohler,422751103-8,Hohler-422751103-8,$415.75,743,5
959,Kuravent,812648806-9,Kuravent-812648806-9,$812.42,728,5
960,Smelta,137983350-7,Smelta-137983350-7,$386.63,140,2
961,Phunter,281482949-1,Phunter-281482949-1,$929.30,161,3
962,Hohler,561937724-5,Hohler-561937724-5,$68.62,778,2
963,Foen,740704150-4,Foen-740704150-4,$172.66,416,3
964,Handsgrope,761696107-X,Handsgrope-761696107-X,$89.43,867,5
965,Handsgrope,127405652-7,Handsgrope-127405652-7,$502.98,649,4
966,Foen,267464785-X,Foen-267464785-X,$820.46,332,5
967,Phunter,907055702-9,Phunter-907055702-9,$594.08,681,5
968,Hohler,875974538-X,Hohler-875974538-X,$150.02,847,3
969,BE,790032865-3,BE-790032865-3,$510.96,765,5
970,Handsgrope,164846103-4,Handsgrope-164846103-4,$900.78,859,5
971,Foen,849522300-7,Foen-849522300-7,$395.19,102,0
972,Hohler,084416120-9,Hohler-084416120-9,$826.05,510,2
973,Phunter,942663736-2,Phunter-942663736-2,$240.76,273,0
974,Phunter,944918058-X,Phunter-944918058-X,$701.80,129,3
975,Handsgrope,233561911-X,Handsgrope-233561911-X,$528.66,536,0
976,Handsgrope,623516224-3,Handsgrope-623516224-3,$829.47,9,5
977,Foen,644480628-3,Foen-644480628-3,$408.85,247,4
978,Kuravent,019021032-X,Kuravent-019021032-X,$765.83,442,0
979,Hohler,566033915-8,Hohler-566033915-8,$971.32,276,4
980,BE,512502212-8,BE-512502212-8,$568.02,603,1
981,Kuravent,905581146-7,Kuravent-905581146-7,$813.18,746,3
982,Handsgrope,976608533-1,Handsgrope-976608533-1,$908.42,864,0
983,Phunter,168725253-X,Phunter-168725253-X,$325.31,109,3
984,Foen,334572137-6,Foen-334572137-6,$65.11,341,1
985,Kuravent,369604940-9,Kuravent-369604940-9,$529.29,91,4
986,BE,510143576-7,BE-510143576-7,$620.31,660,0
987,Phunter,069296551-3,Phunter-069296551-3,$758.83,806,5
988,Hohler,477843854-X,Hohler-477843854-X,$104.15,312,0
989,BE,471878119-1,BE-471878119-1,$655.83,209,1
990,Kuravent,611255138-1,Kuravent-611255138-1,$270.44,505,0
991,Smelta,133396059-X,Smelta-133396059-X,$693.09,587,4
992,Phunter,608061777-3,Phunter-608061777-3,$86.46,819,5
993,Kuravent,600933674-0,Kuravent-600933674-0,$363.11,707,5
994,BE,514323929-X,BE-514323929-X,$77.02,452,1
995,Hohler,534464146-X,Hohler-534464146-X,$96.27,897,2
996,Kuravent,574434820-4,Kuravent-574434820-4,$645.11,181,0
997,BE,405594182-X,BE-405594182-X,$496.14,56,2
998,BE,401208577-8,BE-401208577-8,$695.56,160,0
999,Handsgrope,563086717-2,Handsgrope-563086717-2,$690.59,289,0
1000,BE,359805969-8,BE-359805969-8,$374.21,837,0
